Date,Sleep Hours,Sleep Time,Wake Time,Screen Time,Sleep Quality,Wake-ups,Time to fall asleep,Mood,Focus
2026-05-02,8.5,22:00,6:30,35,8,1,5,8,8
2026-05-03,8,23:10,7:10,45,8,1,10,8,8
2026-05-04,7.5,23:00,6:30,15,9,0,5,9,8
2026-05-05,7.4,23:15,6:25,45,8,0,10,8,8
2026-05-06,7,23:20,6:20,20,7,1,5,8,7
2026-05-07,6.4,00:00,6:40,5,8,1,5,7,7
2026-05-08,6.5,23:00,5:30,0,8,0,5,8,8
2026-05-09,7,22:50,6:10,5,9,0,10,8,8
2026-05-10,7.1,23:10,6:20,20,9,0,5,9,8
